{"cameraMode":{"drawMode":0,"name":"Shaded","section":"Shading Mode"},"sceneLighting":false,"audioPlay":false,"sceneViewState":{"showFog":true,"showMaterialUpdate":false,"showSkybox":false,"showFlares":true,"showImageEffects":true,"showParticleSystems":true},"in2DMode":false,"pivot":{"x":15.399999618530274,"y":-2.738593578338623,"z":-21.799999237060548},"rotation":{"x":0.0059899454936385159,"y":-0.8509479761123657,"z":0.5251344442367554,"w":0.009707228280603886},"size":22.0,"orthographic":false}