{"cameraMode":{"drawMode":0,"name":"Shaded","section":"Shading Mode"},"sceneLighting":true,"audioPlay":false,"sceneViewState":{"showFog":true,"showMaterialUpdate":false,"showSkybox":true,"showFlares":true,"showImageEffects":true,"showParticleSystems":true},"in2DMode":false,"pivot":{"x":1.1203088760375977,"y":-68.32423400878906,"z":125.00347137451172},"rotation":{"x":-0.3686547875404358,"y":0.06711488217115402,"z":-0.02669735997915268,"w":-0.9267615675926209},"size":131.9962921142578,"orthographic":false}